Store,Core SKUs Availability,Shelf Space,Total Energy Drink Shelf Space,Comp#1 Shelf Space,Brand Visibility Condition,Brand Messaging Score,Price Comm Condition Score,Ambient Placement Condition Additional,Ambient Placements Additional,Comp#1 Placement Ambient  Additional,Chilled Placement Additional,Comp#1 Placement Chilled  Additional,Cashier Placement Cooler Condition,Cashier Coolers With SKU Available,Cashier Coolers With Comp#1 Available,Shelf Space Condition,POS Communication Condition,Available Placements Types In Store,Energy Shelf Space Share,Chilled Cashier Placement,Main Competitor SKU,Ambient Placement Additional ,Buying Group,Key Account,Distributor,Sales Gross,Sales Net,Actual Service Frequency,Volume 12pck,Volume 4pck,Volume 6pck,Volume Single,Volume,SKU Distribution
1003172181,73.3,3,6,1,0,0,0,0,0,0,0,0,0,0,0,100,0,1,48,0,5,0,780004,781171,5937,944,923,2,,,,74,74,14
1003172185,100,6,17,5.3,100,0,100,0,0,0,0,0,0,0,0,90.4,62.5,1,35.3,0,25,0,780004,781171,5938,3453,3391,4,,,,217,217,15
1003173307,93.3,7,23,5.8,50,50,0,0,0,0,1,0,0,0,0,80.5,37.5,2,30.1,0,26,0,780004,784104,5908,2225,2120,2,,1,,164,165,14
1003173340,100,6,17,4,100,100,100,0,0,0,0,0,100,1,0,90.4,100,2,35.3,1,29,0,780004,784104,5908,1919,1786,2,,2,,111,113,15
1003174071,93.3,6,17,5.5,0,0,100,0,0,0,0,0,0,0,0,90.4,25,1,35.3,0,22,0,780004,781171,5901,1407,1380,3,,,,116,116,15
1003174072,100,6,17,5.3,100,0,100,0,0,0,0,0,0,0,0,91.4,62.5,1,35.8,0,31,0,780004,781171,5908,1212,1189,3,,,,76,76,15
1003174136,100,5,15,3.8,100,0,100,0,0,0,0,0,100,1,0,87.7,62.5,2,33.9,1,20,0,786531,786532,5901,380,333,1,,2,,22,24,13
1003174446,53.3,4,12,3,100,0,100,0,0,0,0,0,0,0,0,86.6,62.5,1,33.3,0,10,0,788371,780008,5938,4717,4552,4,,,,340,340,11
1003174464,86.7,5,6,0.3,100,0,100,100,1,0,1,1,0,0,0,100,62.5,3,83.3,0,3,1,786531,786532,5901,1283,1169,2,8,,,117,125,14
1003174583,86.7,9,9,0,66.7,66.7,0,100,1,1,1,1,0,0,0,100,50,3,100,0,1,1,786531,786532,5904,2803,2525,4,,4,,173,177,14
1003175533,100,4,11,3.8,100,100,0,100,1,0,0,0,0,0,0,92.5,75,2,36.4,0,20,1,780004,785609,5904,2399,2318,3,,4,,213,217,15
1003176622,80,5,8,1.5,100,0,0,0,0,0,1,1,0,0,0,100,37.5,2,62.5,0,9,0,786531,786532,5904,2668,2353,4,,4,,144,148,14
1003178274,100,7,20,6,66.7,66.7,100,100,1,0,0,0,100,1,1,90.7,75,3,35.4,1,35,1,780004,781237,5938,6240,6126,4,,9,8,467,484,15
1003178561,80,6,16,5,100,100,100,100,1,0,0,0,0,0,0,94.6,100,2,37.5,0,20,1,788371,780008,5901,3237,3121,4,,,2,178,180,15
1003178918,100,4,13,3,100,100,100,0,0,0,0,0,100,1,1,81.7,100,2,30.8,1,29,0,780004,784104,5908,1113,1050,2,,2,,77,79,15
1003179446,100,5,17,3.5,100,50,100,100,1,1,0,0,0,0,0,80,81.3,2,29.9,0,14,1,786531,786532,5938,2895,2878,3,,8,,204,212,15
1003180504,93.3,4.5,15,4.3,100,50,100,100,1,0,0,0,0,0,0,79.3,81.3,2,29.5,0,29,1,788371,780008,5908,1128,1088,4,,,,224,224,15
1003181217,100,5,24,5.3,100,100,100,0,0,0,0,0,100,1,1,62.7,100,2,20.8,1,19,0,780004,784104,5901,6505,6055,2,,2,,218,220,14
1003182871,93.3,6,8,0,100,25,0,100,2,0,1,0,100,1,0,100,46.9,4,75,1,1,1,786531,786532,5904,1602,1602,2,,4,,83,87,13
1003186092,93.3,5,16,4.3,100,33.3,100,100,1,0,1,0,0,0,0,83.6,75,3,31.7,0,14,1,786531,786532,5938,871,772,4,,2,,59,61,15
1003186127,73.3,5,18,4.5,100,33.3,100,100,1,0,1,0,0,0,0,76,75,3,27.8,0,13,1,786531,786532,5938,274,251,1,,,,38,38,11
1003186501,93.3,7,12,3,66.7,0,100,100,1,0,1,0,0,0,1,100,50,3,58.3,0,19,1,786531,786532,5937,1521,1309,2,,4,,74,78,15
1003188725,93.3,5,14,3.5,50,0,100,0,0,0,0,0,100,1,1,93.7,43.8,2,37,1,24,0,780004,780340,5901,953,938,2,,1,,60,61,15
1003189573,86.7,4,14,4.5,100,50,100,0,0,0,0,0,100,1,1,79.5,81.3,2,29.6,1,19,0,780004,780340,5904,488,470,2,,1,,54,55,12
1003190110,100,7,17,0,50,0,0,0,0,0,0,0,100,1,1,100,18.8,2,41.2,1,1,0,780004,780340,5908,2528,2472,4,,8,,167,175,15
1003191060,93.3,6,15,5,50,50,100,0,0,0,1,0,0,0,0,99.4,62.5,2,40,0,28,0,788371,780217,5901,3986,3845,4,,2,5,305,312,15
1003194106,100,8.5,25,6.5,0,0,100,0,0,1,1,0,0,0,0,87.9,25,2,34,0,29,0,788371,780008,5938,4930,4759,8,,2,1,411,414,15
1003196788,93.3,5,14,3,100,66.7,100,100,1,0,1,0,0,0,0,90,87.5,3,35.1,0,12,1,786531,786532,5938,1659,1459,4,,3,,103,106,15
1003197300,100,5,11,3,100,66.7,100,100,1,0,0,0,100,1,0,100,87.5,3,45.5,1,22,1,786531,786532,5901,1268,1130,3,,3,,132,135,15
1003199500,100,5,12,3.5,100,100,100,0,0,0,0,1,100,1,0,100,100,2,43.5,1,26,0,780004,784104,5904,1822,1710,2,,1,,119,120,15
1003199954,100,6,18,5,100,0,100,100,1,1,0,0,100,1,0,86.6,62.5,3,33.3,1,25,1,780004,781171,5937,485,476,2,,,,79,79,15
1003200275,86.7,5,16,5.3,100,100,100,100,1,0,0,0,0,0,0,82.6,100,2,31.3,0,15,1,788371,780008,5901,7271,7007,5,,,,430,430,13
1003200395,100,5,16,4,100,100,100,100,1,0,0,0,0,0,0,82.6,100,2,31.3,0,19,1,788371,780008,5937,4954,4795,5,,,,285,285,15
1003201144,86.7,5,17,3.5,100,0,100,0,0,0,0,0,0,0,0,79.1,62.5,1,29.4,0,26,0,788371,780008,5901,3905,3766,4,,2,,310,312,15
1003201283,93.3,7,16,5.5,100,100,100,100,2,0,1,1,0,0,0,100,100,3,43.8,0,24,1,780004,784104,5938,2420,2187,4,,4,,250,253,15
1003201404,80,5,17,4.3,100,0,0,0,0,1,0,0,0,0,0,80.8,37.5,1,30.3,0,28,0,788371,780008,5938,6889,6661,4,,-2,,448,446,14
1003201622,100,5,19,5,50,0,100,0,0,0,1,0,0,0,0,73.2,43.8,2,26.3,0,19,0,788371,780008,5937,2087,2006,4,,,,163,163,12
1003201892,100,6,17,5.8,100,100,100,0,0,0,0,0,0,0,0,90.4,100,1,35.3,0,25,0,780004,781171,5938,1126,1103,3,,,,99,99,15
1003201979,86.7,4.5,18,3.5,0,0,100,0,0,0,1,0,0,0,0,70.7,25,2,25,0,22,0,788371,780008,5908,3760,3628,4,,,,333,333,13
1003202548,73.3,7,16,3.5,100,66.7,100,100,1,0,0,0,100,1,0,100,87.5,3,43.8,1,20,1,786531,786532,5908,786,700,1,,1,,68,69,14
1003202870,100,6,15,4.5,100,0,100,0,0,0,0,0,0,0,0,99.4,62.5,1,40,0,24,0,788371,780217,5908,721,697,1,4,2,1,54,61,14
1003203075,100,7,23,6,0,0,100,0,0,1,0,0,0,0,1,80.5,25,1,30.1,0,29,0,788371,780008,5908,1700,1638,4,,,,142,142,15
1003204697,100,5,16,3.3,100,0,100,0,0,0,1,0,0,0,0,84.6,62.5,2,32.3,0,16,0,786531,786532,5938,3889,3486,3,,8,,218,226,15
1003206829,73.3,5,13,3.3,100,0,100,100,1,0,1,0,0,0,0,96.5,62.5,3,38.5,0,21,1,786531,786532,5901,1597,1415,2,,3,,102,105,15
1003208572,100,5,5,0,75,50,100,100,1,0,1,0,100,1,1,100,71.9,4,100,1,1,1,786531,786532,5937,1684,1491,2,,4,,105,109,14
1003212235,100,4.5,13,4,25,25,100,100,3,1,1,0,100,1,1,91.8,43.8,4,36,1,28,1,788371,780217,5908,2018,1946,3,,,5,147,152,15
1003216274,100,5,5,0,100,66.7,100,100,2,0,0,0,100,1,1,100,87.5,3,100,1,0,1,786531,786532,5908,1063,946,1,,1,,77,78,10
1003222203,93.3,6,17,5,50,0,100,0,0,0,0,0,100,1,1,90.4,43.8,2,35.3,1,26,0,788371,780008,5937,4764,4595,4,,1,,305,306,15
1003224028,100,5,11,2,100,0,100,0,0,0,0,0,100,1,0,100,62.5,2,47.6,1,8,0,780004,784104,5901,1050,975,2,,5,,47,52,14
1003227987,86.7,5.5,14,4.8,100,100,0,0,0,1,0,0,100,1,0,99.4,75,2,40,1,22,0,788371,780217,5901,5050,4875,4,3,,9,338,350,15
1003228616,100,8,17,6,66.7,33.3,100,100,1,0,0,0,100,1,1,100,62.5,3,47.1,1,38,1,786531,786532,5937,606,514,3,,2,,54,56,14
1003230956,60,6,13,3.5,100,33.3,100,100,2,1,1,1,0,0,0,100,75,3,46.2,0,27,1,786531,786532,5908,1362,1204,2,,2,,88,90,13
1003232339,86.7,5,9,1.8,100,50,100,0,0,0,1,0,0,0,0,100,81.3,2,55.6,0,12,0,786531,786532,5904,2226,1968,4,,3,,189,192,15
1003234462,100,8,17,4,66.7,100,100,100,1,0,2,1,0,0,0,100,87.5,3,47.1,0,18,1,786531,786532,5908,417,362,1,,2,,62,64,15
1003235060,100,5.8,16,4,100,100,100,100,2,1,1,0,0,0,0,91.6,100,3,35.9,0,22,1,780004,784104,5937,1569,1485,2,,1,,129,130,15
1003239916,93.3,6,18,4.8,100,0,100,0,0,0,0,0,0,0,0,86.6,62.5,1,33.3,0,27,0,788371,780008,5908,4648,4480,4,,,,324,324,15
1003239934,100,6,14,2.5,100,0,100,0,0,0,0,0,0,0,0,100,62.5,1,44.4,0,13,0,788371,780217,5937,2683,2585,5,,,,187,187,15
1003246649,100,5,9,0,66.7,0,100,100,1,0,0,1,100,1,0,100,50,3,55.6,1,0,1,786531,786532,5904,1063,940,4,,2,,90,92,14
1003250905,100,6,15,3.5,50,50,0,100,1,1,0,0,0,0,0,99.4,37.5,2,40,0,22,1,788371,780217,5901,1897,1830,4,,,4,176,180,15
1003253070,100,4,16,6.5,100,100,100,100,1,0,2,1,100,1,0,70.7,100,4,25,1,28,1,786531,786532,5904,3064,2770,4,,10,,183,193,15
1003254438,73.3,5,16,5,100,100,100,0,0,0,0,0,0,0,0,82.6,100,1,31.3,0,19,0,786531,786532,5901,1594,1497,2,,2,,49,51,11
1003262638,86.7,8.3,20,4.5,100,50,100,0,0,0,0,0,100,1,0,100,81.3,2,41.8,1,34,0,786531,786532,5901,411,380,2,,,1,44,45,13
1003263836,100,9,18,3,75,25,100,100,1,1,1,0,100,1,1,100,62.5,4,50,1,18,1,786531,786532,5901,850,753,1,,2,,75,77,15
1003264023,100,5,11,2.8,100,50,0,0,0,0,0,0,100,1,0,100,56.3,2,45.5,1,8,0,780004,781106,5937,1833,1794,3,,6,7,157,170,15
1003267960,100,7,24,6,100,50,100,0,0,1,0,0,100,1,1,78.7,81.3,2,29.2,1,30,0,788371,780008,5901,2341,2255,3,,6,1,173,180,15
1003269262,53.3,5,5,0,50,0,100,0,0,0,1,1,0,0,0,100,43.8,2,100,0,1,0,786531,786532,5901,492,444,1,,,,27,27,15
1003270900,93.3,8,23,7.3,33.3,33.3,100,100,2,1,0,0,100,1,1,89.4,50,3,34.8,1,29,1,780004,781171,5901,2409,2369,3,,2,,224,226,15
1003273278,100,8,19,5.3,100,100,100,100,1,0,0,0,100,1,1,100,100,3,42.1,1,20,1,786531,786532,5901,1395,1239,4,,6,,99,105,15
1003275523,100,8,23,7.3,66.7,33.3,100,100,1,1,1,0,0,0,0,89.4,62.5,3,34.8,0,31,1,780004,781171,5908,2815,2762,4,,4,,235,239,15
1003279409,86.7,5,17,4.3,100,0,0,0,0,0,0,0,0,0,0,80.8,37.5,1,30.3,0,22,0,788371,780008,5904,2026,1950,4,,,,114,114,15
1003288804,80,4,13,3.3,100,100,100,0,0,0,0,0,0,0,0,84.1,100,1,32,0,21,0,780004,784104,5901,1793,1761,2,,1,,120,121,14
1003288925,100,7,11,2,100,100,100,0,0,0,0,0,100,1,0,100,100,2,66.7,1,15,0,786531,786532,5901,1564,1387,4,,5,,141,146,15
1003289199,93.3,5,19,7,100,66.7,100,100,1,0,1,0,0,0,1,73.2,87.5,3,26.3,0,27,1,786531,786532,5904,998,884,1,,2,,90,92,14
1003289551,100,6,14,4.3,50,0,0,0,0,0,0,0,100,1,1,100,18.8,2,43.6,1,22,0,786531,786532,5904,857,753,1,,2,,56,58,14
1003306416,100,7,29,6,100,100,100,0,0,1,0,0,0,0,0,69,100,1,24.1,0,38,0,788371,780008,5938,4990,4821,4,,,,259,259,15
1003310934,86.7,7,22,7,100,100,100,0,0,0,0,0,100,1,1,83.7,100,2,31.8,1,28,0,788371,780008,5901,2570,2477,4,,1,2,227,230,15
1003314927,93.3,7,16,4.5,100,0,100,0,0,0,0,0,0,0,0,100,62.5,1,45.2,0,22,0,788371,780217,5908,999,964,2,,,6,60,66,14
1003319757,60,4,13,3.5,100,0,100,0,0,0,0,0,0,0,0,82.9,62.5,1,31.4,0,18,0,780004,784104,5938,1839,1740,4,,4,,123,127,10
1003321453,100,6,25,7.8,100,25,100,100,2,0,1,0,100,1,0,68.7,71.9,4,24,1,32,1,786531,786532,5901,1872,1633,2,,1,,107,108,15
1003322730,100,6,11,0,100,66.7,100,100,1,0,0,0,100,2,1,100,87.5,3,55.8,1,1,1,786531,786532,5904,1409,1240,3,,6,,125,130,15
1003325033,100,7,9,0.3,100,66.7,100,100,1,0,0,0,100,1,0,100,87.5,3,75.7,1,4,1,786531,786532,5904,3771,3308,4,,11,,269,280,15
1003325561,66.7,7,18,5,100,100,0,0,0,0,0,1,100,2,1,97.3,75,2,38.9,1,21,0,786531,786532,5904,7247,6263,3,,30,,520,550,15
1003326987,33.3,1,1,0,100,100,100,100,1,0,3,1,0,0,0,100,100,3,100,0,1,1,786531,786532,5904,2145,1852,3,,5,,179,184,15
1003328234,100,5,9,2.3,100,100,100,100,1,0,0,0,100,1,1,100,100,3,58.8,1,14,1,786531,786532,5908,2247,1985,2,,8,,190,198,14
1003349075,86.7,8,10,0,100,66.7,100,100,2,0,0,0,100,1,0,100,87.5,3,84.2,1,1,1,786531,786532,5901,330,284,1,,1,,79,80,15
1003387364,66.7,2,11,4,0,0,0,0,0,0,0,0,0,0,0,34.9,0,1,18.2,0,14,0,786531,786532,5904,3058,2966,4,,0,,206,205,15
1003391866,80,8,28,7.5,100,0,100,0,0,0,1,0,0,0,0,78.5,62.5,2,29.1,0,28,0,788371,780008,5901,2523,2433,4,,,3,175,178,15
1003394377,73.3,5,16,5,100,50,100,100,1,1,0,0,0,0,0,82.6,81.3,2,31.3,0,23,1,788371,780008,5908,2517,2427,4,,,,126,126,13
1003394538,66.7,4,8,0,66.7,100,100,100,1,0,1,0,0,0,0,100,87.5,3,50,0,1,1,780004,784104,5904,914,894,1,,8,,79,87,14
1003394644,53.3,3,8,0.3,100,66.7,100,100,1,0,1,1,0,0,0,97,87.5,3,38.7,0,2,1,780004,784104,5908,741,725,2,,,,62,62,14
1003395249,100,9,9,0,66.7,33.3,100,100,1,0,0,0,100,1,0,100,62.5,3,100,1,1,1,786531,786532,5908,367,325,1,,1,,69,70,10
1003396048,86.7,5,9,4,100,0,100,100,2,1,1,1,0,0,0,100,62.5,3,55.6,0,23,1,786531,786532,5901,3485,3122,3,,9,,219,228,15
1003396473,100,6,15,5,50,50,100,100,1,1,2,1,100,1,0,98.2,62.5,4,39.3,1,33,1,788371,780217,5901,1272,1228,3,,1,9,120,130,15
1003396706,100,8,10,0,100,100,100,0,0,0,0,1,100,1,0,100,100,2,80,1,1,0,786531,786532,5904,965,840,3,,4,,96,101,14
1003396725,93.3,5,5,0,66.7,33.3,100,100,2,0,0,1,100,1,0,100,62.5,3,100,1,1,1,786531,786532,5908,2244,1989,3,,,,97,97,9
1003396770,80,3,14,4,100,0,100,0,0,0,0,0,0,0,0,63.8,62.5,1,21.4,0,18,0,788371,780008,5901,3060,2949,5,,,,206,206,12
1003397349,66.7,8,14,3.8,100,100,100,100,2,0,2,0,0,0,0,100,100,3,57.1,0,6,1,786531,786532,5938,1472,1303,3,,12,,108,120,14
1003397545,100,8,28,6.8,100,50,100,0,0,1,1,0,0,0,1,77,81.3,2,28.3,0,27,0,788371,780008,5901,4071,3934,4,,3,4,197,204,12
1003397984,93.3,4,11,3.5,100,100,0,100,1,0,0,0,100,1,1,92.5,75,3,36.4,1,21,1,780004,785609,5904,1877,1817,3,,8,,107,115,14
1003398046,100,5,5,0,100,66.7,0,100,1,0,0,1,100,1,0,100,62.5,3,100,1,1,1,786531,786532,5901,1249,1099,3,,,,79,79,15
1003398713,93.3,7,8,0,50,0,100,0,0,0,0,1,100,1,1,100,43.8,2,87.5,1,1,0,786531,786532,5904,578,502,1,,8,,56,64,7
1003401290,80,4,7,2,66.7,0,100,100,1,1,1,0,0,0,0,100,50,3,55.2,0,11,1,788371,780217,5908,2698,2604,3,1,,,188,189,14
1003401605,73.3,6,14,4.3,100,0,100,0,0,0,0,0,0,0,0,100,62.5,1,43.6,0,23,0,788371,780008,5904,4746,4576,4,,,3,232,235,15
1003401631,93.3,6,16,4.5,100,0,0,100,1,0,0,0,0,0,0,97,37.5,2,38.7,0,21,1,788371,788080,5937,2552,2377,5,,4,,152,156,14
1003401818,100,5.5,15,4.8,50,0,100,100,1,1,1,0,100,1,0,95.5,43.8,4,37.9,1,28,1,788371,780217,5901,1841,1777,3,,,4,107,111,15
1003401894,100,5.5,15,5,33.3,33.3,100,100,1,2,0,0,100,1,1,95.5,50,3,37.9,1,29,1,788371,780217,5901,4917,4744,4,,,7,429,436,15
1003401897,93.3,5,13,3.5,100,33.3,100,100,3,3,0,1,100,1,0,95.1,75,3,37.7,1,24,1,780004,784519,5938,491,463,2,,,,41,41,15
1003401943,100,6,6,0,66.7,0,100,0,0,0,1,1,100,1,0,100,50,3,100,1,1,0,786531,786532,5901,1373,1214,3,,4,,74,78,14
1003401997,93.3,4,14,4,0,0,100,0,0,0,1,0,0,0,0,77.5,25,2,28.6,0,24,0,788371,780008,5904,1278,1230,4,,10,,90,100,14
1003402038,100,5,12,5.3,33.3,0,100,100,1,0,1,0,0,0,0,100,37.5,3,42.6,0,33,1,788371,780217,5901,2604,2511,4,,,1,170,171,15
1003404878,100,5.5,14,6,100,0,100,100,1,1,0,0,100,1,1,100,62.5,3,40.7,1,30,1,788371,780217,5901,6348,6128,5,,3,9,362,374,15
1003405184,86.7,5,12,3.5,100,100,0,100,1,0,0,0,100,1,0,100,75,3,42.6,1,19,1,780004,785609,5904,4714,4567,3,,13,,390,403,15
1003418555,73.3,6,9,1.8,100,66.7,0,100,1,0,2,2,0,0,0,100,62.5,3,66.7,0,12,1,786531,786532,5908,1482,1314,3,,4,,98,102,14
1003418570,93.3,6,20,3.8,100,100,100,0,0,0,0,1,0,0,0,80.3,100,1,30,0,31,0,786531,786532,5908,1313,1215,2,,1,,109,110,14
1003418601,86.7,4,15,4,100,50,100,0,0,0,1,0,0,0,0,73.9,81.3,2,26.7,0,13,0,788371,780008,5937,4632,4469,4,,,,365,365,14
1003418682,100,6,7,0,66.7,66.7,0,100,1,0,0,0,100,1,1,100,50,3,88.9,1,1,1,786531,786532,5937,1790,1661,3,,2,,125,127,15
1003418718,100,7,19,7.3,100,0,0,0,0,0,0,0,0,0,0,93.4,37.5,1,36.8,0,33,0,780004,780600,5937,3854,3754,4,,,,287,287,15
1003418831,86.7,8,32,8,0,0,100,0,0,1,0,0,0,0,0,70.7,25,1,25,0,37,0,788371,780008,5901,1869,1805,3,,,10,132,142,15
1003419021,100,5,9,1.8,100,25,100,100,1,0,1,1,100,1,0,100,71.9,4,55.6,1,14,1,786531,786532,5937,626,563,2,,2,,155,157,15
1003419081,86.7,5,5,0,100,100,100,0,0,0,0,1,0,0,0,100,100,1,100,0,0,0,786531,786532,5901,638,601,2,,5,,49,54,10
1003419225,100,3.8,16,6,100,0,100,0,0,1,0,0,0,0,0,67.7,62.5,1,23.4,0,33,0,788371,780008,5937,2160,2081,4,,,,195,195,15
1003419466,100,5,13,3.3,50,50,100,0,0,0,1,0,0,0,0,96.5,62.5,2,38.5,0,14,0,786531,786532,5904,2758,2568,4,,,,190,190,15
1003419574,100,5,11,2.5,100,100,100,100,1,0,0,0,100,1,0,100,100,3,45.5,1,18,1,786531,786532,5937,764,691,2,,2,,61,64,14
1003419578,66.7,5,5,0,100,0,100,100,1,0,1,1,0,0,0,100,62.5,3,100,0,0,1,786531,786532,5904,730,642,3,,4,,55,59,12
1003419595,100,6,12,2,75,25,100,100,2,0,1,0,100,1,0,100,62.5,4,50,1,15,1,786531,786532,5937,1734,1507,4,,2,,110,112,15
1003419639,86.7,6,15,3.8,100,66.7,100,100,1,0,0,0,100,1,1,100,87.5,3,41.4,1,15,1,780004,784104,5904,790,730,1,,,,41,41,15
1003419652,86.7,5,12,4.8,100,100,0,100,1,0,1,1,0,0,0,100,75,3,41.7,0,20,1,786531,786532,5908,1865,1655,2,,9,,122,132,14
1003419665,80,7,7,0,100,100,0,0,0,0,0,1,0,0,0,100,75,1,100,0,0,0,786531,786532,5904,546,465,1,,7,,85,92,10
1003419919,93.3,8,14,2.8,75,50,100,100,1,0,1,0,100,1,0,100,71.9,4,57.1,1,25,1,786531,786532,5937,1689,1450,5,,6,,106,112,15
1003419927,93.3,5,16,5,0,0,100,100,1,0,1,0,100,1,1,81.7,25,4,30.8,1,30,1,788371,780217,5901,2498,2408,4,,,4,229,233,15
1003419951,86.7,7,17,4.5,100,50,0,0,0,0,0,0,100,1,1,100,56.3,2,40.6,1,18,0,786531,786532,5904,554,483,2,,2,,45,47,11
1003420146,100,4,4,0,100,50,0,100,1,0,2,1,100,1,0,100,56.3,4,100,1,1,1,786531,786532,5904,1225,1108,2,,2,,77,79,13
1003420162,86.7,3,8,3.5,100,100,100,0,0,0,0,0,0,0,0,99.4,100,1,40,0,21,0,780004,784104,5937,723,712,2,,,,71,71,14
1003420164,100,5,7,0,100,100,0,100,1,0,1,0,0,0,1,100,75,3,71.4,0,1,1,786531,786532,5904,997,874,2,,23,,116,139,15
1003420535,80,5,15,5,100,0,100,0,0,0,0,0,0,0,0,62.9,62.5,1,32.8,0,28,0,780004,781412,5937,412,403,1,,,,57,57,15
1003421627,80,6,17,5,100,100,100,0,0,0,0,0,0,0,0,91.4,100,1,35.8,0,24,0,788371,780008,5908,2940,2838,4,,5,1,189,195,15
1003422487,86.7,8,8,0,100,0,0,0,0,0,0,0,100,1,0,100,37.5,2,100,1,1,0,786531,786532,5904,3950,3440,4,,5,,267,272,15
1003422950,93.3,6,21,3.5,50,100,100,0,0,0,1,0,0,0,1,77.5,81.3,2,28.6,0,18,0,786531,786532,5908,950,840,1,,1,,50,51,14
1003423065,100,5,9,3.3,100,0,100,0,0,0,0,0,100,1,0,100,62.5,2,55.6,1,23,0,786531,786532,5901,757,676,2,,4,,88,92,14
1003423142,86.7,4,11,3,66.7,100,100,100,1,1,0,0,100,1,0,94.1,87.5,3,37.2,1,20,1,780004,785637,5937,569,560,2,,1,,50,51,14
1003423268,100,5,5,0,100,100,100,100,1,0,0,2,100,1,0,100,100,3,100,1,1,1,786531,786532,5904,2393,2103,2,5,4,,149,158,15
1003423659,80,6,11,3,100,100,0,100,1,0,0,0,100,1,0,77.3,75,3,53.3,1,18,1,786531,786532,5908,1452,1306,2,,3,,104,107,15
1003424765,100,5,9,2.8,66.7,66.7,100,100,1,0,0,0,100,1,0,100,75,3,55.6,1,15,1,786531,786532,5904,3108,2746,5,,10,,174,184,15
1003425060,100,7,7,0,100,100,100,100,1,0,0,1,0,0,0,100,100,2,100,0,1,1,786531,786532,5937,1995,1849,4,,3,,146,149,15
1003425299,100,6,16,4.5,100,50,100,100,1,0,0,0,0,0,0,95.8,81.3,2,38.1,0,31,1,788371,780008,5908,1267,1220,4,,,,106,106,14
1003425304,93.3,5,8,2,100,100,0,0,0,0,0,2,100,1,0,100,75,2,62.5,1,14,0,786531,786532,5904,2400,2130,3,,9,,195,204,15
1003425305,100,4,16,5,100,0,100,100,1,0,0,0,0,0,0,70.7,62.5,2,25,0,29,1,788371,780008,5937,2430,2340,4,,,,200,200,15
1003425406,100,6,10,2,100,100,0,100,1,0,1,0,100,1,0,100,75,4,60,1,9,1,786531,786532,5904,1903,1668,4,2,6,,116,124,15
1003425563,100,6,7,0,50,50,100,100,1,0,1,1,100,1,0,100,62.5,4,88.9,1,1,1,786531,786532,5937,1714,1534,3,,3,,116,119,15
1003425918,93.3,6,8,0.3,100,0,0,100,1,0,1,1,0,0,0,100,37.5,3,75,0,3,1,786531,786532,5904,1145,1001,3,1,13,,83,97,14
1003429958,100,5,5,0,100,100,100,0,0,0,0,0,0,0,0,100,100,1,100,0,0,0,786531,786532,5901,1999,1868,2,,2,,111,113,15
1003430836,100,5.5,14,4.8,100,33.3,100,100,2,0,1,0,0,0,0,99.4,75,3,40,0,26,1,788371,780217,5938,4376,4222,4,,1,4,341,346,15
1003430846,86.7,5,16,4.3,100,0,100,0,0,0,0,0,0,0,0,82.6,62.5,1,31.3,0,16,0,788371,780008,5908,1541,1485,4,,,3,149,152,14
1003431880,100,7,12,2,100,33.3,0,100,1,0,0,0,100,1,0,100,50,3,58.3,1,4,1,786531,786532,5901,840,705,2,,14,,126,140,14
1003432307,100,5,15,1,100,50,100,0,0,0,1,0,0,0,0,85.6,81.3,2,32.8,0,5,0,786531,786532,5901,316,281,2,,,,29,29,14
1003433173,93.3,5,16,5,100,0,100,100,1,0,1,1,0,0,0,83.6,62.5,3,31.7,0,23,1,780004,780026,5901,2820,2586,4,,3,6,209,218,14
1003433187,86.7,3,7,2,100,100,100,0,0,0,0,0,0,0,0,100,100,1,42.9,0,10,0,788371,780217,5938,2476,2394,4,,,,136,136,15
1003433369,93.3,8,24,4,100,25,100,100,1,0,1,1,100,1,0,87.3,71.9,4,33.7,1,14,1,786531,786532,5901,1772,1554,2,,2,,134,136,15
1003434492,86.7,8,10,1.8,100,0,100,100,1,0,0,0,100,1,1,100,62.5,3,80,1,2,1,786531,786532,5901,3476,3077,4,2,14,,221,237,15
1003435025,80,8,13,3.8,100,100,0,100,1,0,1,1,100,1,0,100,75,4,61.5,1,10,1,786531,786532,5937,629,547,2,,2,,50,52,13
1003437705,80,9,12,0,100,0,100,100,1,0,0,1,100,3,0,100,62.5,3,75,1,1,1,786531,786532,5908,880,767,2,,0,,56,56,10
1003438382,100,6,8,0,100,100,100,0,0,0,0,1,100,1,0,100,100,2,77.4,1,0,0,786531,786532,5904,870,766,2,,4,,60,64,15
1003438547,93.3,8,11,0,100,0,0,0,0,0,2,1,0,0,0,100,37.5,2,72.7,0,1,0,786531,786532,5904,2375,2044,2,,7,,105,112,13
1003438559,80,4,9,3.3,0,0,0,0,0,0,0,0,0,0,0,100,0,1,47.1,0,15,0,786531,786532,5904,1438,1373,3,,,,126,126,15
1003438643,86.7,8,10,1,100,33.3,100,100,1,0,1,0,0,0,0,100,75,3,84.2,0,2,1,786531,786532,5904,655,554,1,,4,,64,68,15
1003438694,93.3,5,5,0,100,50,0,0,0,0,1,0,0,0,0,100,56.3,2,100,0,1,0,786531,786532,5904,972,903,2,,1,,122,123,14
1003438810,86.7,5,7,0,100,100,100,0,0,0,0,1,0,0,0,100,100,1,76.9,0,0,0,786531,786532,5904,532,496,3,,4,,56,60,13
1003438845,100,4.5,11,2.8,100,0,100,100,2,1,0,0,100,1,0,100,62.5,3,41.9,1,18,1,788371,780217,5908,2104,2038,4,5,8,4,93,110,13
1003438875,86.7,7,21,5,100,0,100,0,0,0,0,0,0,0,0,87.4,62.5,1,33.7,0,25,0,788371,780008,5901,2786,2673,4,,,,206,206,15
1003439686,100,7,9,0,50,0,0,0,0,0,1,1,0,0,0,100,18.8,2,77.8,0,1,0,786531,786532,5904,809,708,1,,13,,61,74,15
1003441421,60,4,6,0,100,0,0,0,0,0,0,1,0,0,0,100,37.5,1,72.7,0,1,0,780004,784104,5937,1791,1683,3,,,,69,69,13
1003442614,100,4,15,3.3,100,100,100,100,1,0,0,0,100,1,0,73.9,100,3,26.7,1,22,1,780004,784104,5901,2329,2208,4,,2,,150,152,15
1003442968,100,5,13,5,100,100,0,0,0,0,1,0,0,0,0,73.7,75,2,38.5,0,29,0,786531,786532,5908,1631,1467,3,,,,126,126,15
1003444704,100,6,16,4.8,100,66.7,100,100,2,1,0,0,100,1,1,97,87.5,3,38.7,1,23,1,780004,784519,5938,5413,5168,5,,7,,368,375,15
1003444706,100,6,16,4.5,100,0,100,0,0,0,1,1,100,1,0,95.8,62.5,3,38.1,1,23,0,780004,784519,5901,1617,1548,3,,5,,130,135,15
1003444888,86.7,6,16,6.5,66.7,0,100,100,1,0,0,0,100,1,1,93.5,50,3,36.9,1,36,1,788371,780217,5908,1505,1452,2,,1,,154,155,15
1003444890,100,5.8,15,5,100,0,100,0,0,0,1,1,0,0,0,98.8,62.5,2,39.7,0,35,0,788371,780217,5938,2040,1970,3,,4,13,125,142,15
1003445163,100,6,9,0,100,100,100,100,1,1,0,1,100,1,0,100,100,3,66.7,1,1,1,786531,786532,5937,706,630,1,,5,,58,63,13
1003447096,100,6,18,5,0,0,100,0,0,0,0,0,0,0,1,86.6,25,1,33.3,0,23,0,788371,780008,5904,3640,3502,4,,1,,243,244,15
1003447301,93.3,5,16,4,100,0,100,0,0,0,0,0,0,0,0,84.6,62.5,1,32.3,0,26,0,780004,781412,5937,2005,1947,4,,2,1,161,164,15
1003447924,60,4,11,1.8,100,100,0,100,1,1,1,1,0,0,0,92.5,75,3,36.4,0,11,1,786531,786532,5904,992,904,2,,1,,79,80,9
1003448058,100,6,10,0,100,100,100,0,0,0,0,0,0,0,0,100,100,1,61.5,0,0,0,786531,786532,5908,1387,1236,2,,3,,149,152,15
1003448449,100,7,14,1.8,100,66.7,100,100,1,0,0,0,100,1,0,100,87.5,3,50.9,1,14,1,786531,786532,5937,358,314,1,,1,,32,33,14
1003448685,80,3.8,9,2.8,100,50,0,100,1,0,0,0,0,0,0,100,56.3,2,41.7,0,20,1,788371,788080,5937,1054,978,4,,,,86,86,15
1003448693,100,5,10,3.8,100,0,100,100,2,1,0,0,100,1,1,100,62.5,3,48.8,1,24,1,786531,786532,5938,1269,1122,4,,8,,73,81,12
1003448695,80,5,11,3.3,50,0,0,0,0,0,1,0,0,0,0,100,18.8,2,47.6,0,10,0,780004,784104,5938,3894,3613,4,,6,,288,294,15
1003449179,100,6.3,6,0,100,100,100,0,0,0,0,0,100,1,0,100,100,2,100,1,1,0,786531,786532,5937,1293,1106,1,,,,89,89,12
1003449189,93.3,9,17,5.5,100,33.3,100,0,0,0,1,0,100,1,1,100,75,3,52.9,1,28,0,786531,786532,5937,700,609,1,,4,,30,34,14
1003450516,100,6,19,7,100,0,100,100,1,0,2,2,0,0,0,83.3,62.5,3,31.6,0,34,1,788371,780217,5908,1747,1684,2,,1,1,114,116,15
1003451306,100,6.5,16,5,66.7,33.3,100,100,1,1,0,1,100,1,1,99.4,62.5,3,40,1,35,1,788371,780217,5904,2242,2162,4,,1,3,211,215,15
1003451486,93.3,5.5,13,3.5,100,0,100,100,1,0,2,0,100,1,1,100,62.5,4,44,1,18,1,788371,780217,5908,1776,1709,5,,,4,104,108,14
1003451499,80,5,16,5.5,0,0,100,0,0,0,0,0,0,0,0,84.6,25,1,32.3,0,28,0,780004,781684,5908,4571,4331,9,,,,446,446,15
1003451711,93.3,5,15,4.3,100,100,100,0,0,0,1,0,0,0,0,85.6,100,2,32.8,0,34,0,786531,786532,5908,1243,1098,2,,1,,91,92,14
1003451716,100,6,14,3.8,100,100,100,0,0,0,0,0,0,0,0,100,100,1,42.9,0,28,0,786531,786532,5908,2218,2068,2,,3,,119,122,15
1003453602,73.3,8,21,8.5,100,50,0,100,1,2,1,0,100,1,1,95.8,56.3,4,38.1,1,39,1,788371,780217,5908,5264,5076,4,,2,20,353,375,15
1003453728,86.7,4,9,2,100,100,100,0,0,0,0,1,0,0,0,100,100,1,44.4,0,11,0,780004,784104,5938,1118,1043,3,,2,,88,90,15
1003456225,86.7,8,15,4.5,100,100,100,100,1,0,1,1,100,1,0,100,100,4,53.3,1,28,1,786531,786532,5937,1891,1632,3,,13,,144,157,14
1003458711,86.7,6,10,2.5,100,0,100,0,0,0,1,0,0,0,0,100,62.5,2,63.2,0,18,0,786531,786532,5937,540,507,1,,,,32,32,9
1003460249,100,4,9,3,100,50,100,0,0,0,0,1,100,1,0,100,81.3,2,44.4,1,15,0,786531,786532,5901,437,419,1,,1,,27,28,12
1003461133,80,5,8,2.5,100,0,100,100,1,0,1,0,0,0,0,100,62.5,3,62.5,0,20,1,786531,786532,5901,1628,1444,2,,,,89,89,13
1003461211,73.3,5,13,2.5,66.7,66.7,100,100,1,0,0,0,100,1,0,99.4,75,3,40,1,17,1,786531,786532,5908,1155,1029,4,,0,,67,67,10
1003462213,73.3,5,7,0.8,100,100,100,0,0,0,0,0,100,1,0,100,100,2,74.1,1,6,0,786531,786532,5901,2619,2330,5,,3,,152,155,15
1003462957,100,5,12,3,100,100,0,0,0,0,0,0,0,0,0,100,75,1,41.7,0,17,0,786531,786532,5901,999,937,1,,1,,86,88,15
1003463575,100,8,16,3,100,100,100,100,2,0,0,0,100,1,0,100,100,3,51.6,1,21,1,786531,786532,5901,1336,1167,5,,4,,78,82,14
1003463672,93.3,7,8,0,100,66.7,100,100,1,0,0,1,100,1,0,100,87.5,3,87.5,1,0,1,786531,786532,5937,984,852,1,2,4,,88,94,14
1003465751,100,6,10,2,66.7,33.3,100,100,1,0,0,0,100,1,0,100,62.5,3,60,1,18,1,786531,786532,5901,1046,924,1,,6,,99,105,15
1003465921,80,5,18,5,100,0,0,0,0,0,0,0,0,0,0,76.7,37.5,1,28.2,0,28,0,788371,780008,5908,2390,2299,4,,,,207,207,13
1003465931,100,4.8,8,0,100,0,100,0,0,1,0,0,0,0,0,100,62.5,1,59.4,0,1,0,788371,780008,5908,4068,3924,4,,2,4,213,219,15
1003466092,100,11,25,7.3,66.7,33.3,100,100,2,2,1,0,0,0,0,100,62.5,3,44,0,39,1,788371,780217,5938,4033,3886,4,,0,4,294,298,15
1003466276,93.3,6,16,5,0,0,100,0,0,0,0,0,0,0,0,94.6,25,1,37.5,0,21,0,788371,780008,5908,2046,1970,3,,1,1,157,159,14
1003466366,73.3,5.5,14,5,66.7,66.7,100,100,1,1,0,0,100,1,0,99.4,75,3,40,1,32,1,788371,780217,5901,1891,1822,4,,,2,179,181,15
1003466377,100,5,8,1,100,33.3,100,100,1,0,0,0,100,1,0,100,75,3,62.5,1,7,1,786531,786532,5904,398,351,2,,-3,,77,74,14
1003466381,93.3,5.3,13,4.3,66.7,0,100,100,1,1,0,0,100,2,0,100,50,3,41.2,1,26,1,788371,780217,5901,3656,3528,4,,6,4,278,288,15
1003466382,100,7,16,5,66.7,0,100,100,1,0,2,1,0,0,0,100,50,3,44.4,0,31,1,788371,780217,5901,3682,3552,4,,,5,257,262,15
1003466538,80,4,11,3,50,0,0,0,0,0,1,1,0,0,0,90.9,18.8,2,35.6,0,22,0,780004,784104,5938,970,916,1,,,,42,42,15
1003466593,100,4.8,12,2.8,25,0,100,100,1,1,1,1,100,1,0,97.1,34.4,4,38.8,1,20,1,788371,780217,5901,2139,2062,4,,,3,187,190,15
1003466595,93.3,6.5,11,4.8,100,0,0,0,0,0,0,0,0,0,0,100,37.5,1,57.8,0,25,0,788371,780217,5901,1300,1256,3,,,4,134,138,15
1003466969,86.7,5,13,2,75,25,100,100,2,0,1,0,100,1,0,96.5,62.5,4,38.5,1,5,1,786531,786532,5901,2252,2014,4,,3,,154,157,15
1003467052,86.7,5,9,3,100,100,100,0,0,0,1,0,0,0,0,100,100,2,55.6,0,23,0,780004,784104,5904,2635,2482,4,,5,,199,204,15
1003467066,86.7,4,17,4.8,0,0,0,100,1,1,0,0,0,0,0,67.8,0,2,23.5,0,21,1,788371,780008,5938,2252,2169,4,,1,,225,226,13
1003467622,46.7,3.5,8,2.3,100,0,100,0,0,0,0,0,100,1,0,100,62.5,2,43.8,1,14,0,788371,780217,5908,2523,2429,4,,1,,154,156,12
1003467855,100,4.5,11,3,75,0,100,100,2,2,1,0,100,1,1,100,53.1,4,40.9,1,23,1,788371,780217,5901,2384,2304,4,,,8,226,234,15
1003469207,100,4,15,5,100,100,0,100,2,0,0,0,100,1,0,73.9,75,3,26.7,1,25,1,780004,784104,5901,1036,976,3,,,,134,134,15
1003469414,46.7,6,8,0.8,0,0,0,0,0,0,0,1,0,0,0,100,0,1,75,0,3,0,786531,786532,5904,906,836,1,,2,,56,58,13
1003471155,100,6,17,5,50,0,100,0,0,0,0,0,100,1,0,90.4,43.8,2,35.3,1,27,0,788371,780008,5908,2448,2363,4,,3,,223,226,15
1003471172,80,5,18,4.8,100,0,100,0,0,0,0,0,0,0,0,76,62.5,1,27.8,0,20,0,788371,780217,5908,1898,1834,4,,,2,184,186,15
1003471195,73.3,6,9,2.3,33.3,33.3,0,100,1,1,1,0,0,0,0,100,25,3,66.7,0,14,1,786531,786532,5908,321,284,2,2,1,,30,33,8
1003471346,93.3,8,8,0,100,50,100,100,1,0,1,2,100,1,0,100,81.3,4,100,1,1,1,786531,786532,5937,3018,2615,3,,10,,179,189,15
1003471401,86.7,5,9,3,100,0,100,0,0,0,1,0,100,1,0,100,62.5,3,55.6,1,16,0,786531,786532,5901,888,784,2,,,,86,86,14
1003471505,93.3,6,12,1.5,100,100,0,0,0,0,2,1,0,0,0,100,75,2,52.2,0,7,0,786531,786532,5904,1020,904,4,,1,,64,65,14
1003471512,93.3,5,5,0,100,100,100,100,1,0,0,0,100,1,1,100,100,3,100,1,0,1,786531,786532,5908,2160,1920,4,,7,,173,180,14
1003471614,93.3,6,17,5,100,0,100,0,0,1,0,0,0,0,0,90.4,62.5,1,35.3,0,30,0,788371,780008,5901,3162,3048,5,,10,,173,183,15
1003471623,73.3,4.8,16,3.8,50,50,0,100,2,0,0,0,0,0,0,79.7,37.5,2,29.7,0,14,1,788371,780008,5901,2950,2845,4,,1,,233,234,13
1003471674,86.7,3,16,3,0,0,100,0,0,0,0,0,0,0,0,58.7,25,1,18.8,0,13,0,788371,780008,5904,1611,1548,4,,,,196,196,12
1003471681,73.3,5,18,5.5,50,50,100,100,2,1,0,0,0,0,0,76,62.5,2,27.8,0,21,1,788371,780008,5904,3198,3078,5,,13,,206,219,15
1003471790,93.3,5,7,0,100,75,0,100,1,0,1,0,100,1,0,100,65.6,4,71.4,1,1,1,786531,786532,5904,595,516,2,,2,,76,78,15
1003471802,73.3,5,9,2.3,66.7,66.7,100,100,1,0,0,0,100,1,0,100,75,3,55.6,1,12,1,786531,786532,5904,515,462,1,,3,,47,50,15
1003471912,86.7,5,9,2,66.7,100,100,100,1,0,0,0,100,1,0,100,87.5,3,58.8,1,12,1,786531,786532,5904,1771,1580,1,,4,,105,109,15
1003472228,93.3,5,12,2.8,100,100,100,100,2,0,0,0,100,1,0,100,100,3,40.8,1,12,1,786531,786532,5904,920,799,2,,3,,86,89,14
1003472385,100,4,5,0,100,100,100,0,0,0,0,1,0,0,0,100,100,1,76.2,0,1,0,786531,786532,5904,1762,1660,2,,,,101,101,15
1003472421,93.3,8,11,1,100,25,100,100,2,0,1,1,100,1,0,100,71.9,4,76.2,1,7,1,786531,786532,5901,821,719,1,,4,,123,127,12
1003472423,86.7,5,9,0,100,100,100,0,0,0,0,1,0,0,0,100,100,1,55.6,0,1,0,786531,786532,5901,1192,1112,4,,2,,84,86,13
1003473156,86.7,8,9,0,100,0,0,100,1,0,0,1,100,2,0,100,37.5,3,88.9,1,1,1,786531,786532,5904,2217,1902,2,,,,115,115,14
1003473560,100,5.8,14,4.3,100,0,100,0,0,1,0,0,100,1,0,100,62.5,2,42.6,1,24,0,788371,780217,5904,1184,1141,4,,,4,84,88,15
1003473686,100,5,12,2.5,100,0,0,0,0,0,0,0,100,1,0,100,37.5,2,41.7,1,18,0,786531,786532,5904,2061,1832,4,,4,,127,131,14
1003474679,100,5,6,0,66.7,100,100,100,1,1,2,0,0,0,0,100,87.5,3,83.3,0,1,1,786531,786532,5904,4539,3994,3,1,26,,346,373,15
1003477098,86.7,5,7,2,100,33.3,0,100,2,0,0,1,100,1,0,100,50,3,69,1,15,1,786531,786532,5908,806,728,2,,4,,36,40,11
1003477198,100,6,7,0,100,33.3,100,100,1,0,0,0,100,1,1,100,75,3,82.8,1,0,1,786531,786532,5937,711,610,2,,3,,69,72,15
1003477200,100,5,7,0,33.3,66.7,100,100,1,0,0,1,100,1,0,100,62.5,3,71.4,1,1,1,786531,786532,5937,501,443,2,,,,43,43,14
1003481519,100,5,12,2.3,100,100,100,100,2,0,1,1,0,0,0,100,100,3,41.7,0,13,1,786531,786532,5938,4651,4173,2,,9,,284,293,15
1003482601,100,5,14,3.8,100,100,100,100,1,0,0,1,100,1,0,91.2,100,3,35.7,1,18,1,786531,786532,5937,784,706,2,,,,65,65,15
1003483460,100,8,8,0,50,100,100,0,0,0,0,1,100,2,0,100,81.3,2,100,1,23,0,786531,786532,5938,1775,1557,2,,2,,105,107,14
1003484554,60,5,9,0.5,0,0,0,0,0,0,0,0,0,0,0,100,0,1,55.6,0,2,0,786531,786532,5904,526,462,1,,1,,66,67,15
1003484578,93.3,5,9,3.3,100,100,0,0,0,0,1,1,0,0,0,100,75,2,55.6,0,15,0,780004,784104,5904,1790,1660,3,,1,,121,122,15
1003484588,100,6,6,0,100,33.3,100,100,1,0,1,1,0,0,0,100,75,3,100,0,1,1,786531,786532,5904,562,495,1,,3,,60,63,14
1003484864,93.3,8,16,4.3,33.3,100,0,100,2,0,0,0,100,1,0,100,50,3,49.2,1,18,1,786531,786532,5937,2353,2042,3,,4,,149,153,14
1003484912,100,5,9,2.5,100,100,100,100,1,0,2,1,0,0,0,100,100,3,55.6,0,14,1,786531,786532,5904,1842,1617,4,,7,,123,130,15
1003485137,93.3,6,14,4.8,100,33.3,0,100,1,1,0,1,100,1,0,100,50,3,42.1,1,24,1,786531,786532,5904,488,436,2,,1,,66,67,14
1003485225,93.3,6,17,3.5,100,100,0,0,0,0,1,0,0,0,0,92.5,75,2,36.4,0,21,0,786531,786532,5901,1071,944,2,,4,,74,78,15
1003488092,100,5,9,2,100,100,100,100,1,0,0,1,100,1,0,100,100,3,55.6,1,13,1,786531,786532,5904,3443,3026,5,,5,,209,214,15
1003489532,86.7,9,20,4.8,100,100,0,100,1,0,0,0,100,1,0,100,75,3,45,1,24,1,786531,786532,5908,6251,5531,3,,,,634,634,14
1003491792,100,5,16,3.5,100,66.7,100,100,1,1,0,0,100,1,1,83.6,87.5,3,31.7,1,19,1,780004,784519,5938,1129,1087,2,,,,101,101,15
1003492974,86.7,7,20,6,66.7,100,100,100,1,0,1,1,0,0,0,90.7,87.5,3,35.4,0,33,1,780004,781237,5908,5562,5458,4,,13,4,416,433,15
1003493377,100,6,14,1.3,100,50,100,0,0,0,0,0,100,1,0,100,81.3,2,44.4,1,7,0,786531,786532,5901,1549,1357,2,,2,,118,120,15
1003494244,100,6,6,0,100,33.3,100,100,1,0,0,1,100,1,0,100,75,3,100,1,1,1,786531,786532,5904,1320,1153,2,,,,70,70,14
1003494438,53.3,3,8,1,100,50,0,100,2,1,1,0,100,1,0,94.6,56.3,4,37.5,1,9,1,786531,786532,5937,1482,1292,3,,5,,239,244,15
1003500247,100,5,18,5,66.7,33.3,100,100,1,1,0,0,100,1,1,76.7,62.5,3,28.2,1,23,1,780004,780340,5938,2023,1972,4,,8,,154,162,15
1003502768,100,6,20,4.3,100,0,100,100,2,0,1,0,0,0,0,81.7,62.5,3,30.8,0,23,1,786531,786532,5901,1074,938,1,,1,,55,56,12
1003502782,86.7,8,17,3,100,0,100,100,1,0,1,0,0,0,0,100,62.5,3,47.1,0,23,1,786531,786532,5937,4273,3702,3,,14,,284,298,15
1003502818,93.3,5,5,0,100,66.7,0,100,1,0,1,2,0,0,0,100,62.5,3,100,0,1,1,780004,784104,5904,695,642,1,,,,108,108,15
1003502840,100,7.5,17,5.3,66.7,0,0,100,1,2,1,0,0,0,0,100,25,3,44.1,0,22,1,788371,780217,5908,3216,3105,4,,5,4,265,274,15
1003502847,100,8,30,6.8,100,66.7,100,100,1,0,0,0,100,1,1,73.9,87.5,3,26.7,1,35,1,788371,780008,5901,2520,2433,4,,1,2,154,157,15
1003502886,86.7,4.3,9,2,100,50,0,100,1,0,0,0,0,0,0,100,56.3,2,47.2,0,6,1,788371,780217,5904,1478,1427,4,,,9,130,139,15
1003502970,100,4,11,2,100,100,100,0,0,0,0,0,0,0,0,92.5,100,1,36.4,0,15,0,786531,786549,5901,1265,1265,2,,,,60,60,14
1003503808,86.7,5,16,3.5,100,0,100,100,1,1,0,0,0,0,0,82.6,62.5,2,31.3,0,20,1,788371,780008,5901,4655,4492,4,,,,345,345,13
1003503834,93.3,8,19,4.3,66.7,0,100,0,0,0,1,1,100,1,1,100,50,3,42.1,1,20,0,788371,780217,5937,4581,4413,4,,2,,330,332,15
1003503871,100,8,20,6.5,75,75,100,100,1,0,2,1,100,1,0,99.4,81.3,4,40,1,27,1,780004,784104,5904,2661,2428,3,,1,,199,200,15
1003504270,93.3,4.3,15,3.5,100,100,100,0,0,0,0,0,0,0,0,78.9,100,1,29.3,0,28,0,780004,784104,5908,610,565,1,,,,74,74,11
1003504770,100,9,16,1.5,66.7,0,100,100,1,0,1,0,0,0,0,100,50,3,57.1,0,8,1,786531,786532,5901,2121,1883,2,,5,,275,280,15
1003506843,100,4,4,0,0,0,0,100,1,0,0,1,0,0,0,100,0,2,100,0,1,1,786531,786532,5904,918,877,1,,4,,81,85,15
1003507642,100,6,6,0,100,33.3,100,100,1,0,0,1,100,1,0,100,75,3,100,1,1,1,786531,786532,5937,4391,3908,3,,7,,239,246,14
1003521096,100,5,14,4,100,0,100,0,0,1,0,0,0,0,0,92.5,62.5,1,36.4,0,20,0,780004,785637,5904,2052,2019,4,,2,,170,172,15
1003521246,100,6,17,4.3,50,100,100,0,0,0,1,0,0,0,0,90.4,81.3,2,35.3,0,23,0,788371,780008,5904,3335,3210,4,,2,,202,204,15
1003521676,93.3,3,8,2,100,0,100,100,1,1,0,0,0,0,0,94.6,62.5,2,37.5,0,16,1,788371,780008,5938,4615,4447,4,,,9,302,311,15
1003531869,93.3,5,13,3,100,66.7,100,100,3,3,0,0,100,1,1,97.9,87.5,3,39.2,1,19,1,780004,784519,5938,2262,2157,2,,3,,175,178,15
1003531878,80,6,11,3.3,100,0,0,100,1,0,1,0,0,0,1,100,37.5,3,55.8,0,21,1,786531,786532,5904,1963,1739,4,3,25,,118,146,15
1003541143,86.7,6,14,3.8,100,0,100,0,0,0,1,1,0,0,0,100,62.5,2,42.1,0,14,0,786531,786532,5901,777,692,2,,,,84,84,12
1003543727,93.3,7,17,5,100,50,0,100,2,0,1,0,100,1,0,100,56.3,4,41.2,1,31,1,780004,784104,5938,1309,1309,1,,4,,59,63,14
1003544891,93.3,5,13,0.5,100,100,0,100,1,0,0,1,100,1,0,96.5,75,3,38.5,1,1,1,786531,786532,5937,1915,1748,3,,8,,72,80,14
1003545390,93.3,8,12,1,100,0,100,0,0,0,2,1,0,0,0,100,62.5,2,69.6,0,8,0,786531,786532,5937,579,510,1,,2,,80,82,15
1003546698,86.7,5,15,4,100,100,0,0,0,0,0,0,100,1,0,85.6,75,2,32.8,1,31,0,786531,786532,5908,373,331,1,,1,,78,79,13
1003547804,100,6,15,5,50,0,100,100,1,2,1,0,100,1,1,100,43.8,4,41.4,1,31,1,788371,780217,5908,1970,1903,3,,2,10,171,183,15
1003547815,93.3,6,16,2.3,100,100,0,100,1,0,1,1,0,0,0,97,75,3,38.7,0,16,1,780004,784104,5937,3634,3421,3,,15,,236,251,15
1003547821,100,5,14,4.3,100,50,100,100,2,1,2,1,100,1,1,91.2,81.3,4,35.7,1,19,1,788371,780217,5908,1395,1349,2,,,2,99,101,14
1003547836,93.3,6.8,17,4.8,25,0,100,100,2,1,1,0,100,2,1,100,34.4,4,40.9,1,20,1,788371,780217,5908,4080,3935,4,,4,10,310,324,15
1003548407,93.3,5,24,7.5,100,0,100,0,0,0,1,0,0,0,1,62.7,62.5,2,20.8,0,29,0,788371,780008,5901,3175,3059,4,,,3,216,219,15
1003548942,100,8,16,6.5,100,33.3,0,0,0,0,1,0,100,1,1,100,50,3,51.6,1,14,0,786531,786549,5937,1896,1680,4,,1,,170,171,15
1003549714,100,8,21,4.8,100,66.7,100,100,1,1,2,0,0,0,0,95.8,87.5,3,38.1,0,30,1,788371,780008,5901,1384,1330,4,,,,264,264,15
1003549731,80,6,15,4,0,100,100,0,0,0,0,0,0,0,0,99.4,62.5,1,40,0,12,0,788371,780008,5908,3621,3486,4,,,,246,246,13
1003550322,100,8,8,0,100,100,0,100,1,0,0,0,100,1,1,100,75,3,97,1,0,1,786531,786532,5937,1790,1598,3,,1,,145,146,15
1003552586,100,4,11,2,100,100,0,0,0,0,0,1,100,1,0,92.5,75,2,36.4,1,8,0,780004,784104,5937,1376,1298,3,,,,101,101,15
1003561185,100,5,16,4.5,50,0,0,100,1,1,0,0,0,0,0,83.6,18.8,2,31.7,0,27,1,780004,780026,5901,3858,3577,4,,,13,271,284,15
1003561781,93.3,7,13,4.5,66.7,100,100,100,2,0,0,0,100,1,0,100,87.5,3,53.8,1,35,1,786531,786532,5908,1145,991,1,,,,65,65,12
1003562271,93.3,5,15,3.5,100,100,0,100,1,0,0,0,100,1,1,88.8,75,3,34.5,1,29,1,780004,784104,5937,1646,1571,3,,4,,150,154,15
1003568206,100,5,16,3.5,100,66.7,100,100,1,0,1,0,0,0,1,82.6,87.5,3,31.3,0,24,1,786531,786532,5901,1082,1009,2,,1,,100,101,15
1003572229,86.7,3.5,9,3.5,100,66.7,0,100,1,0,1,0,0,0,0,97.3,62.5,3,38.9,0,17,1,780004,784104,5901,1161,1064,1,,2,,119,121,15
1003580986,86.7,3,18,4.3,50,0,100,0,0,1,1,0,0,0,0,55.1,43.8,2,16.9,0,20,0,788371,780008,5901,5329,5152,5,,,,296,296,13
1003581003,60,3,16,5.3,100,0,100,0,0,1,0,0,0,0,1,59.3,62.5,1,19,0,24,0,788371,780008,5901,4423,4276,4,,,,324,324,11
1003582422,93.3,6,7,0,100,0,100,100,1,0,1,1,0,0,0,100,62.5,3,85.7,0,1,1,780004,784104,5901,1421,1294,1,,,,127,127,15
1003582452,100,7,12,3.5,100,33.3,0,100,1,0,1,1,0,0,0,100,50,3,58.3,0,17,1,786531,786532,5908,1880,1659,2,,2,,136,138,15
1003582672,100,5,16,4.8,66.7,0,0,100,2,0,1,0,0,0,0,82.6,25,3,31.3,0,34,1,788371,780008,5908,4147,4005,5,,,,236,236,15
1003585269,93.3,5,17,5.5,100,0,100,0,0,0,0,0,0,0,0,80,62.5,1,29.9,0,18,0,788371,780008,5938,5055,4878,5,,3,2,300,305,14
1003631326,100,4,8,0,100,100,100,100,1,1,1,0,0,0,1,100,100,3,51.6,0,0,1,780004,784104,5937,1616,1529,4,,2,,116,118,15
1003631330,93.3,6,12,0,100,33.3,100,100,1,0,0,1,100,1,0,100,75,3,49,1,1,1,786531,786532,5901,198,177,2,,1,,45,46,14
1003631722,100,5,17,5,0,0,100,0,0,0,0,0,0,0,0,79.1,25,1,29.4,0,31,0,780004,780340,5901,3372,3263,4,,4,0,230,234,15
1003649064,73.3,5,11,0,100,100,100,0,0,0,1,1,0,0,0,100,100,2,44.4,0,1,0,786531,786532,5904,1170,1040,3,,6,,76,82,14
1003659077,93.3,6,19,5.5,100,0,100,0,0,0,0,0,0,0,0,83.3,62.5,1,31.6,0,12,0,788371,780217,5901,2005,1936,5,,,,135,135,15
1003690184,100,8,10,2,100,100,100,0,0,0,0,1,100,1,0,100,100,2,80,1,8,0,786531,786549,5937,0,0,1,,4,,64,68,15
1003752549,100,5,16,4.5,100,66.7,100,100,1,0,1,0,0,0,0,83.6,87.5,3,31.7,0,32,1,788371,780008,5908,1119,1078,4,,,,108,108,13
1003755367,100,8,12,0,100,100,100,100,1,0,2,2,100,1,0,100,100,4,66.7,1,1,1,786531,786532,5901,1258,1105,2,,9,,107,116,15
1003782221,93.3,5,27,8,100,100,100,100,1,0,0,0,100,1,0,58.2,100,3,18.5,1,33,1,786531,786532,5901,629,568,1,2,1,4,96,103,14
1003840528,100,5,18,4.8,50,0,0,100,1,1,0,0,0,0,0,53.3,18.8,2,27.8,0,23,1,788371,780008,5908,4820,4639,4,,3,,308,311,15
1003845429,73.3,4,16,4.8,100,0,100,0,0,0,0,0,0,0,0,72.2,62.5,1,25.8,0,25,0,788371,780008,5938,5025,4838,4,,,,417,417,12
1003859072,93.3,8,23,4,100,100,0,0,0,0,0,0,100,1,1,89.4,75,2,34.8,1,18,0,786531,786532,5901,2415,2092,2,,5,,134,139,14
1003903265,86.7,6,17,5,100,100,100,0,0,0,0,0,0,0,0,90.4,100,1,35.3,0,28,0,788371,780008,5908,2746,2647,4,,5,,197,202,15
1003905434,80,4.5,17,4.8,100,50,100,100,1,0,0,0,0,0,0,73.5,81.3,2,26.5,0,23,1,788371,780008,5901,6403,6181,5,,,,265,265,13
1003905974,66.7,7,8,0,100,100,100,100,1,0,0,0,100,1,1,100,100,3,87.5,1,0,1,786531,786549,5901,414,359,1,,4,,96,100,15
1003908968,80,8,8,0,100,50,0,0,0,0,1,1,0,0,0,100,56.3,2,100,0,1,0,786531,786532,5904,496,424,1,,12,,70,82,12
1003915133,100,3,8,0,100,0,0,100,1,0,1,1,0,0,0,94.6,37.5,3,37.5,0,1,1,786531,786532,5904,3478,3103,3,,22,,286,308,15
1003920454,100,4,12,3,100,0,100,0,0,1,0,1,0,0,0,89.4,62.5,1,34.8,0,22,0,780004,785609,5904,4314,4176,5,,6,,279,285,15
1004134414,73.3,6,6,0,100,100,100,0,0,0,1,0,0,0,0,100,100,2,100,0,1,0,786531,786549,5904,471,471,1,1,,,30,31,12
1004277230,93.3,4,16,5.5,0,0,100,0,0,0,0,0,0,0,0,70.7,25,1,25,0,31,0,780004,781684,5901,7103,6721,8,,,,635,635,15
1004329405,93.3,5,14,4.8,100,50,100,100,2,0,0,0,0,0,0,91.2,81.3,2,35.7,0,27,1,780004,781684,5901,8312,7872,9,,2,,614,616,15
1004683168,80,5,14,5,50,50,100,100,1,0,0,0,0,0,0,91.2,62.5,2,35.7,0,25,1,780004,781684,5901,9814,9311,9,,5,,729,734,15
1004760997,100,6,18,5,50,50,0,100,1,0,0,0,0,0,0,86.6,37.5,2,33.3,0,20,1,788371,780008,5938,6449,6224,4,,,6,364,370,15
1004894465,93.3,4,14,4.8,50,0,100,0,0,0,0,0,100,1,0,77.5,43.8,2,28.6,1,28,0,788371,780008,5908,2153,2079,4,,,,202,202,15
1004905490,100,7,20,6,100,33.3,100,100,2,2,1,1,0,0,0,90.7,75,3,35.4,0,29,1,780004,781237,5937,8632,8472,8,,15,6,652,673,15
1005071054,86.7,6,13,5.5,100,66.7,100,100,1,0,0,1,100,1,0,100,87.5,3,46.2,1,18,1,780004,784104,5901,564,524,2,,2,,36,38,12
1005137404,93.3,9,20,6,33.3,0,100,100,1,1,1,0,0,0,0,100,37.5,3,44.4,0,32,1,788371,780217,5904,2425,2337,3,,1,15,195,210,15
1005195501,100,6,7,0,100,100,100,100,1,0,1,2,0,0,0,100,100,3,85.7,0,1,1,786531,786532,5938,1040,911,2,,,,63,63,15
1005231016,100,8,24,7,100,0,100,0,0,0,0,0,0,0,0,88,62.5,1,34,0,32,0,780004,780600,5908,3902,3792,4,,3,,308,311,15
1005360807,100,7.5,18,5.8,50,0,0,100,2,3,2,2,100,3,1,100,18.8,4,42.9,1,35,1,788371,780217,5908,3143,3033,4,,3,2,246,251,15
1005603960,46.7,5,14,5,50,0,100,100,1,0,0,0,0,0,0,91.2,43.8,2,35.7,0,27,1,780004,781684,5901,6619,6291,8,,3,,584,587,15
1005618583,100,5,11,3,100,33.3,100,100,2,1,1,0,0,0,0,100,75,3,44.4,0,23,1,780004,784104,5901,308,287,1,,1,,61,62,14
1005618612,93.3,8,10,0.8,100,0,100,100,3,0,0,1,100,2,0,100,62.5,3,80,1,7,1,786531,786532,5901,828,714,1,,4,,82,86,14
1005618635,100,6,6,0,100,66.7,100,100,1,0,0,0,100,1,1,100,87.5,3,100,1,1,1,786531,786532,5937,1762,1542,5,,6,,110,116,15
1005618640,100,6,18,4.3,100,50,100,100,1,0,1,0,100,1,0,86.6,81.3,4,33.3,1,18,1,780004,784104,5901,955,874,1,,2,0,66,68,13
1005739165,93.3,7,18,6.3,66.7,33.3,100,100,2,2,1,0,0,0,0,99.4,62.5,3,40,0,32,1,780004,781237,5937,8494,8344,8,,21,17,708,746,15
1005743390,80,5,14,4.5,50,0,100,100,1,0,0,0,0,0,0,91.2,43.8,2,35.7,0,21,1,780004,781684,5901,5923,5631,8,,3,,462,465,15
1005810412,86.7,6,11,2.5,66.7,33.3,100,0,0,0,1,0,100,1,1,100,62.5,3,53.3,1,10,0,788371,780217,5938,1657,1601,2,,9,,126,135,15
1005815535,100,7,20,6,100,0,100,0,0,0,1,1,0,0,0,90.7,62.5,2,35.4,0,32,0,780004,781237,5901,3887,3809,4,,9,4,331,344,15
1005815719,100,7,17,6.3,100,33.3,0,100,1,0,1,0,0,0,0,100,50,3,41.2,0,36,1,780004,781237,5901,5488,5387,4,,11,7,420,438,15
1006208373,100,7,20,6,100,0,100,0,0,0,1,1,0,0,0,90.7,62.5,2,35.4,0,32,0,780004,781237,5901,6065,5958,4,,5,2,479,486,15
1006300450,86.7,5,14,4.8,100,100,100,100,1,0,0,0,0,0,0,91.2,100,2,35.7,0,25,1,780004,781684,5908,4702,4456,8,,,,420,420,15
1006311291,86.7,7,20,6,50,0,100,0,0,0,1,1,0,0,0,90.7,43.8,2,35.4,0,30,0,780004,781237,5901,3477,3413,4,,8,2,276,286,15
1006323330,93.3,5,7,0,100,33.3,100,100,1,0,0,0,100,1,1,100,75,3,71.4,1,0,1,786531,786532,5904,959,843,4,,1,,75,76,15
1006387672,100,8,20,7.5,66.7,33.3,100,100,2,2,0,0,100,2,1,100,62.5,3,40.5,1,34,1,788371,780217,5908,4360,4208,4,,9,33,348,390,15
1006407779,100,5,12,3.3,100,100,100,100,1,0,1,0,0,0,0,100,100,3,41.7,0,20,1,786531,786532,5901,644,582,2,,2,,86,88,15
1006539325,100,7,18,6,100,50,100,100,1,0,0,0,0,0,0,99.4,81.3,2,40,0,29,1,780004,781237,5908,3685,3619,4,,12,5,258,275,15
1006820211,100,7,19,6,100,33.3,100,100,1,1,0,0,100,1,1,94.3,75,3,37.3,1,34,1,780004,781237,5908,9127,8962,4,,8,2,673,683,15
1006858492,93.3,5,14,4.8,50,100,100,0,0,0,0,0,100,1,0,91.2,81.3,2,35.7,1,25,0,780004,781684,5937,7776,7389,9,,1,,680,681,15
1007033603,73.3,8,16,5,100,100,100,0,0,0,0,0,100,1,0,100,100,2,50,1,26,0,786531,786532,5904,1926,1656,4,,8,,113,121,15
1007092195,93.3,5,14,4.8,100,50,100,0,0,0,1,0,0,0,0,91.2,81.3,2,35.7,0,24,0,780004,781684,5904,5707,5420,9,,,,500,500,15
1007094109,100,5,14,4.8,100,100,100,50,1,1,0,0,0,0,0,91.2,100,2,35.7,0,28,1,780004,781684,5937,8013,7616,7,,,,615,615,15
1007146168,93.3,5,11,2.5,50,50,0,0,0,0,0,0,100,1,1,100,37.5,2,44.4,1,10,0,780004,784104,5904,656,614,1,,1,,56,57,13
1007532978,100,7,19,6,66.7,33.3,100,100,1,0,1,1,0,0,0,94.3,62.5,3,37.3,0,33,1,780004,781237,5938,6041,5924,4,,15,1,552,568,15
1007822798,93.3,8.5,22,6.5,66.7,0,100,0,0,1,1,0,100,1,0,98.5,50,3,39.5,1,30,0,788371,780217,5908,2992,2882,5,,12,7,241,260,15
1007823093,93.3,6,18,5.5,0,0,100,0,0,1,0,0,0,0,0,86.6,25,1,33.3,0,28,0,788371,780008,5904,2643,2546,5,,,1,171,172,14
1007869550,100,7.5,18,5,33.3,0,100,100,2,2,0,0,100,2,1,100,37.5,3,42.3,1,29,1,788371,780217,5937,1137,1100,2,,3,8,143,154,15
1007911203,100,5,14,4.8,100,100,100,50,1,1,0,0,0,0,0,91.2,100,2,35.7,0,25,1,780004,781684,5937,8530,8093,9,,,,688,688,15
1007913487,100,6,6,0,100,100,100,100,1,0,0,1,100,1,0,100,100,3,100,1,1,1,786531,786532,5904,237,212,1,,2,,30,32,8
1007941968,100,5,12,2.3,66.7,33.3,0,100,1,0,1,0,0,0,0,100,37.5,3,41.7,0,13,1,786531,786532,5904,7777,6865,4,,3,,565,568,15
1008306184,100,7,20,5.5,66.7,66.7,100,100,1,1,1,0,0,0,0,91.6,75,3,35.9,0,25,1,788371,780008,5908,4041,3907,4,,2,1,288,291,15
1008461285,80,4.3,14,3.8,100,100,100,0,0,0,0,0,0,0,0,80.9,100,1,30.4,0,18,0,788371,780008,5908,5489,5297,4,,,,429,429,12
1008600767,100,6,16,6,66.7,33.3,100,100,2,1,1,1,0,0,0,97,62.5,3,38.7,0,39,1,780004,781237,5938,8101,7968,7,,24,8,619,651,15
1008810635,80,4,8,2.3,50,50,0,0,0,0,0,0,100,1,1,100,37.5,2,50,1,4,0,786531,786532,5904,1476,1368,4,1,2,,96,99,15
1008873153,100,5,14,4.8,50,50,100,100,1,0,0,0,0,0,0,91.2,62.5,2,35.7,0,28,1,780004,781684,5908,5570,5293,9,,,,465,465,15
1009121764,100,6,17,5,100,66.7,100,0,0,0,1,0,100,1,0,90.4,87.5,3,35.3,1,25,0,788371,780008,5901,4142,3993,5,,,3,267,270,15
1009162717,100,5,14,5,50,50,100,100,1,0,0,0,0,0,0,91.2,62.5,2,35.7,0,21,1,780004,781684,5901,9094,8618,8,,,,735,735,15
1009227853,100,6,18,6,0,0,100,0,0,0,0,0,0,0,0,87.5,25,1,33.8,0,33,0,788371,780008,5908,2067,1997,4,,,,182,182,15
1010131971,100,5,16,4.5,100,0,100,0,0,0,0,0,0,0,0,82.6,62.5,1,31.3,0,27,0,788371,780008,5901,3571,3438,4,,0,2,345,347,15
1010182900,86.7,5,14,5.8,50,50,100,100,1,0,0,0,0,0,0,91.2,62.5,2,35.7,0,24,1,780004,781684,5901,6440,6110,8,,,,504,504,15
1010422935,100,7,19,6,100,33.3,100,100,1,0,1,1,0,0,0,94.3,75,3,37.3,0,36,1,780004,781237,5908,5825,5716,4,,7,3,579,589,15
1010422960,100,7,19,6,100,0,100,0,0,0,1,1,0,0,0,94.3,62.5,2,37.3,0,34,0,780004,781237,5908,6198,6091,4,,8,5,474,487,15
1010518285,100,6.8,19,5.3,100,50,100,100,1,0,0,0,0,0,0,90.8,81.3,2,35.5,0,18,1,788371,780008,5908,4740,4573,5,,,,270,270,15
1010756250,100,6,17,5,100,0,100,0,0,0,0,0,0,0,0,90.4,62.5,1,35.3,0,27,0,788371,780008,5908,3296,3180,5,,,,229,229,15
1011020116,100,4,15,5,0,0,100,0,0,0,0,0,0,0,0,73,25,1,26.2,0,27,0,788371,780008,5938,5121,4937,5,,,,270,270,15
1011311717,73.3,4.5,17,5,0,0,100,0,0,0,0,0,0,0,0,73.5,25,1,26.5,0,25,0,788371,780008,5908,2178,2094,4,,,,156,156,13
1011311725,93.3,7,20,6,100,33.3,100,100,1,0,0,0,100,1,1,90.7,75,3,35.4,1,35,1,780004,781237,5901,9865,9683,8,,21,2,787,810,15
1011311731,100,6,16,6,100,33.3,100,100,1,0,1,1,0,0,0,95.8,75,3,38.1,0,30,1,780004,781237,5938,7825,7682,8,,19,2,650,671,15
1011336023,93.3,6,17,3.5,66.7,33.3,100,100,1,0,1,0,0,0,0,90.4,62.5,3,35.3,0,14,1,788371,780008,5938,6283,6066,4,,,9,321,330,15
1011483780,100,7,17,5,50,25,100,100,1,0,1,0,100,1,1,100,53.1,4,41.2,1,30,1,788371,780217,5901,5037,4864,4,,1,16,361,378,15
1014857573,93.3,5.5,16,6,50,0,100,100,2,2,2,0,100,1,1,90.8,43.8,4,35.5,1,27,1,788371,780217,5901,5768,5568,4,,,14,446,460,15
1015287602,100,7,17,6,100,100,100,100,1,0,0,0,0,0,0,100,100,2,41.2,0,36,1,780004,781237,5904,7626,7475,4,,12,7,637,656,15
